{
  "n_examples": 500,
  "bleu1": 42.196743776968695,
  "bleu2": 26.0895810249633,
  "bleu3": 16.519095802602447,
  "bleu4": 10.565569657054366,
  "rouge_l": 37.571303951091465,
  "meteor": 15.447442354081048,
  "cider": 0.7891216278499353,
  "errors": {}
}
