{
  "n_examples": 500,
  "bleu1": 41.92993161784126,
  "bleu2": 25.407254877413084,
  "bleu3": 16.009033427971406,
  "bleu4": 10.388352276291533,
  "rouge_l": 36.84029057315173,
  "meteor": 15.56136011285077,
  "cider": 0.8260395027190287,
  "errors": {}
}
