{
  "loss": [
    4.689607620239258,
    4.012580871582031,
    3.859469175338745,
    3.7521610260009766,
    3.658834457397461,
    3.5711705684661865,
    3.4886834621429443,
    3.4167635440826416,
    3.3627333641052246,
    3.3309690952301025
  ],
  "acc": [
    0.35664623975753784,
    0.4205029308795929,
    0.4372301995754242,
    0.45031386613845825,
    0.4619741439819336,
    0.4737516939640045,
    0.48592403531074524,
    0.49649009108543396,
    0.5055381655693054,
    0.5104578137397766
  ],
  "val_loss": [
    3.9543943405151367,
    3.813389539718628,
    3.750491142272949,
    3.715622901916504,
    3.6967527866363525,
    3.669666290283203,
    3.658308744430542,
    3.6533355712890625,
    3.6508076190948486,
    3.647895574569702
  ],
  "val_acc": [
    0.4293306767940521,
    0.4465056359767914,
    0.4552256464958191,
    0.4590519964694977,
    0.46400371193885803,
    0.468044251203537,
    0.47079238295555115,
    0.47307583689689636,
    0.47429201006889343,
    0.4751632809638977
  ]
}
